x_real,y_real,z_real,x_imag,y_imag,z_imag
2.0432441e+00,2.0415664e+00,2.0443382e+00,0.0000000e+00,0.0000000e+00,0.0000000e+00
1.9983457e+00,1.9961237e+00,1.9758113e+00,-4.2244055e-01,-4.2709941e-01,-5.2414345e-01
1.8657730e+00,1.8618661e+00,1.7748733e+00,-8.2567141e-01,-8.3496764e-01,-1.0129641e+00
1.6517839e+00,1.6449087e+00,1.4551344e+00,-1.1914287e+00,-1.2052602e+00,-1.4335444e+00
1.3664505e+00,1.3551257e+00,1.0382412e+00,-1.5032892e+00,-1.5213639e+00,-1.7576118e+00
1.0231439e+00,1.0056903e+00,5.5239608e-01,-1.7474670e+00,-1.7691599e+00,-1.9634589e+00
6.3785226e-01,6.1246104e-01,3.0429753e-02,-1.9134691e+00,-1.9376694e+00,-2.0374132e+00
2.2837314e-01,1.9324515e-01,-4.9243995e-01,-1.9945763e+00,-2.0195503e+00,-1.9747546e+00
-1.8657879e-01,-2.3302751e-01,-9.8100881e-01,-1.9881260e+00,-2.0114245e+00,-1.7800190e+00
-5.8829752e-01,-6.4717933e-01,-1.4024809e+00,-1.8955839e+00,-1.9140184e+00,-1.4666694e+00
-9.5899607e-01,-1.0306680e+00,-1.7286929e+00,-1.7224040e+00,-1.7321117e+00,-1.0561559e+00
-1.2826530e+00,-1.3664357e+00,-1.9380156e+00,-1.4776888e+00,-1.4742986e+00,-5.7643396e-01
-1.5457512e+00,-1.6396851e+00,-2.0168026e+00,-1.1736708e+00,-1.1525722e+00,-6.0041806e-02
-1.7378727e+00,-1.8385453e+00,-1.9602894e+00,-8.2504850e-01,-7.8175299e-01,4.5812867e-01
-1.8521202e+00,-1.9545976e+00,-1.7728807e+00,-4.4821419e-01,-3.7879093e-01,9.4321297e-01
-1.8853497e+00,-1.9832377e+00,-1.4678119e+00,-6.0418966e-02,3.8027940e-02,1.3627436e+00
-1.8382065e+00,-1.9238573e+00,-1.0662075e+00,3.2107950e-01,4.4992996e-01,1.6888449e+00
-1.7149688e+00,-1.7798393e+00,-5.9560606e-01,6.7984063e-01,8.3851835e-01,1.9001043e+00
-1.5232160e+00,-1.5583684e+00,-8.8054499e-02,1.0009933e+00,1.1866125e+00,1.9829921e+00
-1.2733441e+00,-1.2700663e+00,4.2209464e-01,1.2718800e+00,1.4790235e+00,1.9327349e+00
-9.7796158e-01,-9.2847205e-01,9.0053070e-01,1.4825635e+00,1.7032288e+00,1.7535869e+00
-6.5120250e-01,-5.4939275e-01,1.3153149e+00,1.6261747e+00,1.8499180e+00,1.4584828e+00
-3.0799728e-01,-1.5015632e-01,1.6390329e+00,1.6990923e+00,1.9133824e+00,1.0681005e+00
3.6658384e-02,2.5119728e-01,1.8506246e+00,1.7009524e+00,1.8917346e+00,6.0940198e-01
3.6839770e-01,6.3674791e-01,1.9367658e+00,1.6344969e+00,1.7869486e+00,1.1375585e-01
6.7410565e-01,9.8951101e-01,1.8927131e+00,1.5052792e+00,1.6047216e+00,-3.8522651e-01
9.4244238e-01,1.2941994e+00,1.7225555e+00,1.3212505e+00,1.3541648e+00,-8.5399079e-01
1.1642460e+00,1.5378964e+00,1.4388622e+00,1.0922564e+00,1.0473428e+00,-1.2613167e+00
1.3328022e+00,1.7106100e+00,1.0617548e+00,8.2947778e-01,6.9868179e-01,-1.5804164e+00
1.4439766e+00,1.8056844e+00,6.1747219e-01,5.4484789e-01,3.2427953e-01,-1.7907115e+00
1.4962139e+00,1.8200513e+00,1.3653263e-01,2.5047951e-01,-5.8852126e-02,-1.8791707e+00
1.4904142e+00,1.7543134e+00,-3.4837959e-01,-4.1869429e-02,-4.3357385e-01,-1.8411195e+00
1.4297062e+00,1.6126567e+00,-8.0465342e-01,-3.2126679e-01,-7.8339868e-01,-1.6804729e+00
1.3191365e+00,1.4026008e+00,-1.2019628e+00,-5.7799515e-01,-1.0932285e+00,-1.4093790e+00
1.1653019e+00,1.1346008e+00,-1.5142989e+00,-8.0384679e-01,-1.3500138e+00,-1.0473059e+00
9.7594967e-01,8.2152143e-01,-1.7216867e+00,-9.9231935e-01,-1.5433084e+00,-6.1963942e-01
7.5957005e-01,4.7801150e-01,-1.8114697e+00,-1.1387137e+00,-1.6656935e+00,-1.5589309e-01
5.2500431e-01,1.1980806e-01,-1.7790825e+00,-1.2401410e+00,-1.7130565e+00,3.1234259e-01
2.8108645e-01,-2.3699499e-01,-1.6282616e+00,-1.2954513e+00,-1.6847127e+00,7.5356784e-01
3.6332866e-02,-5.7667995e-01,-1.3706883e+00,-1.3050983e+00,-1.5833680e+00,1.1385088e+00
-2.0131134e-01,-8.8460619e-01,-1.0250948e+00,-1.2709581e+00,-1.4149288e+00,1.4420744e+00
-4.2466549e-01,-1.1478470e+00,-6.1590102e-01,-1.1961206e+00,-1.1881687e+00,1.6450027e+00
-6.2744716e-01,-1.3557347e+00,-1.7148223e-01,-1.0846679e+00,-9.1427355e-01,1.7350885e+00
-8.0435204e-01,-1.5002911e+00,2.7781002e-01,-9.4145691e-01,-6.0628556e-01,1.7079141e+00
-9.5108829e-01,-1.5765262e+00,7.0173372e-01,-7.7191607e-01,-2.7847676e-01,1.5670382e+00
-1.0643760e+00,-1.5825941e+00,1.0722055e+00,-5.8186478e-01,5.4319431e-02,1.3236399e+00
-1.1419231e+00,-1.5198029e+00,1.3651731e+00,-3.7735860e-01,3.7738618e-01,9.9564770e-01
-1.1823884e+00,-1.3924819e+00,1.5621854e+00,-1.6456084e-01,6.7677957e-01,6.0642239e-01
-1.1853414e+00,-1.2077152e+00,1.6515573e+00,5.0363107e-02,9.3993388e-01,1.8308900e-01
-1.1512256e+00,-9.7495711e-01,1.6290553e+00,2.6133453e-01,1.1561896e+00,-2.4536154e-01
-1.0813294e+00,-7.0555117e-01,1.4980656e+00,4.6244065e-01,1.3172220e+00,-6.5006818e-01
-9.7776486e-01,-4.1217580e-01,1.2692393e+00,6.4801253e-01,1.4173528e+00,-1.0042546e+00
-8.4345273e-01,-1.0824467e-01,9.5964907e-01,8.1270879e-01,1.4537358e+00,-1.2850104e+00
-6.8210713e-01,1.9270996e-01,5.9152259e-01,9.5161115e-01,1.4264082e+00,-1.4747784e+00
-4.9821361e-01,4.7764253e-01,1.9064570e-01,1.0603350e+00,1.3382129e+00,-1.5624532e+00
-2.9699139e-01,7.3456088e-01,-2.1544888e-01,1.1351553e+00,1.1945952e+00,-1.5440205e+00
-8.4331210e-02,9.5302983e-01,-5.9938001e-01,1.1731450e+00,1.0032902e+00,-1.4227019e+00
1.3329893e-01,1.1245906e+00,-9.3577247e-01,1.1723192e+00,7.7391490e-01,-1.2086047e+00
3.4898608e-01,1.2430799e+00,-1.2029408e+00,1.1317772e+00,5.1748877e-01,-9.1790852e-01
5.5554553e-01,1.3048366e+00,-1.3842904e+00,1.0518287e+00,2.4590556e-01,-5.7165359e-01
7.4573426e-01,1.3087911e+00,-1.4693461e+00,9.3409459e-01,-2.8618611e-02,-1.9422008e-01
9.1250017e-01,1.2564357e+00,-1.4543430e+00,7.8156655e-01,-2.9409473e-01,1.8839061e-01
1.0492585e+00,1.1516825e+00,-1.3423497e+00,5.9861591e-01,-5.3928362e-01,5.5035187e-01
1.1501834e+00,1.0006168e+00,-1.1429226e+00,3.9094060e-01,-7.5416920e-01,8.6776069e-01
1.2104996e+00,8.1116278e-01,-8.7132531e-01,1.6544448e-01,-9.3036248e-01,1.1202203e+00
1.2267563e+00,5.9267670e-01,-5.4737496e-01,-6.9953557e-02,-1.0614206e+00,1.2921516e+00
1.1970665e+00,3.5549054e-01,-1.9400168e-01,-3.0657838e-01,-1.1430693e+00,1.3737496e+00
1.1212920e+00,1.1042641e-01,1.6437392e-01,-5.3531819e-01,-1.1733219e+00,1.3615258e+00
1.0011598e+00,-1.3169469e-01,5.0353059e-01,-7.4699270e-01,-1.1524928e+00,1.2584088e+00
8.4029598e-01,-3.6052796e-01,8.0108627e-01,-9.3275389e-01,-1.0831095e+00,1.0734048e+00
6.4416776e-01,-5.6664303e-01,1.0379770e+00,-1.0844993e+00,-9.6972825e-01,8.2085191e-01
4.1993089e-01,-7.4190697e-01,1.1996768e+00,-1.1952759e+00,-8.1866758e-01,5.1932608e-01
1.7618312e-01,-8.7979709e-01,1.2770808e+00,-1.2596514e+00,-6.3767201e-01,1.9028363e-01
-7.7368064e-02,-9.7563188e-01,1.2669988e+00,-1.2740302e+00,-4.3552484e-01,-1.4346270e-01
-3.3031036e-01,-1.0267129e+00,1.1722336e+00,-1.2368933e+00,-2.2162835e-01,-4.5932511e-01
-5.7198590e-01,-1.0323741e+00,1.0012490e+00,-1.1489455e+00,-5.5713597e-03,-7.3646999e-01
-7.9198235e-01,-9.9394013e-01,7.6745935e-01,-1.0131562e+00,2.0329622e-01,-9.5719159e-01
-9.8063034e-01,-9.1459847e-01,4.8819769e-01,-8.3468791e-01,3.9626326e-01,-1.1080396e+00
-1.1294806e+00,-7.9919398e-01,1.8344166e-01,-6.2071170e-01,5.6561484e-01,-1.1806290e+00
-1.2317342e+00,-6.5395828e-01,-1.2561031e-01,-3.8011503e-01,7.0493310e-01,-1.1720846e+00
-1.2826005e+00,-4.8618790e-01,-4.1801109e-01,-1.2311506e-01,8.0933004e-01,-1.0850982e+00
-1.2795631e+00,-3.0388743e-01,-6.7448301e-01,1.3920474e-01,8.7560477e-01,-9.2760429e-01
-1.2225347e+00,-1.1539486e-01,-8.7868644e-01,3.9541135e-01,9.0232080e-01,-7.1210573e-01
-1.1138928e+00,7.0993893e-02,-1.0182551e+00,6.3426588e-01,8.8980311e-01,-4.5470461e-01
-9.5839035e-01,2.4738445e-01,-1.0855337e+00,8.4526531e-01,8.4005804e-01,-1.7391199e-01
-7.6294513e-01,4.0661235e-01,-1.0779734e+00,1.0191532e+00,7.5662254e-01,1.1067586e-01
-5.3631748e-01,5.4252691e-01,-9.9816936e-01,1.1483718e+00,6.4435205e-01,3.7974078e-01
-2.8869270e-01,6.5021980e-01,-8.5354390e-01,1.2274310e+00,5.0915870e-01,6.1555056e-01
-3.1189758e-02,7.2619043e-01,-6.5570932e-01,1.2531733e+00,3.5771338e-01,8.0312342e-01
2.2467775e-01,7.6844319e-01,-4.1956074e-01,1.2249211e+00,1.9712608e-01,9.3117260e-01
4.6755968e-01,7.7651504e-01,-1.6216940e-01,1.1444985e+00,3.4619526e-02,9.9277230e-01
6.8681677e-01,7.5143485e-01,9.8442346e-02,1.0161250e+00,-1.2278928e-01,9.8570674e-01
8.7302848e-01,6.9561901e-01,3.4455694e-01,8.4619062e-01,-2.6858585e-01,9.1248705e-01
1.0184344e+00,6.1271050e-01,5.5996116e-01,6.4292096e-01,-3.9702119e-01,7.8004400e-01
1.1172867e+00,5.0737059e-01,7.3100847e-01,4.1595516e-01,-5.0333064e-01,5.9912679e-01
1.1660958e+00,3.8503450e-01,8.4747495e-01,1.7585715e-01,-5.8390073e-01,3.8345755e-01
1.1637579e+00,2.5164294e-01,9.0315582e-01,-6.6411461e-02,-6.3637877e-01,1.4870667e-01
1.1115598e+00,1.1336271e-01,8.9616895e-01,-3.0002887e-01,-6.5972272e-01,-8.8635391e-02
1.0130627e+00,-2.3691242e-02,8.2895304e-01,-5.1483222e-01,-6.5419142e-01,-3.1240913e-01
8.7387435e-01,-1.5371977e-01,7.0796941e-01,-7.0179143e-01,-6.2127829e-01,-5.0787998e-01
7.0132329e-01,-2.7147861e-01,5.4313683e-01,-8.5341381e-01,-5.6359347e-01,-6.6270150e-01
5.0405606e-01,-3.7248294e-01,3.4704628e-01,-9.6405989e-01,-4.8470203e-01,-7.6768544e-01
2.9157993e-01,-4.5316989e-01,1.3401618e-01,-1.0301565e+00,-3.8892703e-01,-8.1733133e-01
7.3777427e-02,-5.1101350e-01,-8.0941600e-02,-1.0502990e+00,-2.8112773e-01,-8.1008637e-01
-1.3958121e-01,-5.4458907e-01,-2.8317124e-01,-1.0252407e+00,-1.6646381e-01,-7.4832606e-01
-3.3930161e-01,-5.5358621e-01,-4.5936486e-01,-9.5777500e-01,-5.0156602e-02,-6.3806535e-01
-5.1718164e-01,-5.3877224e-01,-5.9843030e-01,-8.5251915e-01,6.2741855e-02,-4.8842886e-01
-6.6636049e-01,-5.0190957e-01,-6.9217868e-01,-7.1561623e-01,1.6756209e-01,-3.1092406e-01
-7.8158516e-01,-4.4563289e-01,-7.3578995e-01,-5.5437396e-01,2.6020401e-01,-1.1857408e-01
-8.5938392e-01,-3.7329334e-01,-7.2803149e-01,-3.7686225e-01,3.3729019e-01,7.5025616e-02
-8.9814238e-01,-2.8877799e-01,-6.7122240e-01,-1.9149271e-01,3.9628013e-01,2.5665900e-01
-8.9808289e-01,-1.9631388e-01,-5.7095435e-01,-6.6031109e-03,4.3554219e-01,4.1438355e-01
-8.6115374e-01,-1.0026607e-01,-4.3559619e-01,1.6993172e-01,4.5438200e-01,5.3830672e-01
-7.9083887e-01,-4.9389578e-03,-2.7562379e-01,3.3104356e-01,4.5302770e-01,6.2119496e-01
-6.9190296e-01,8.5610385e-02,-1.0282725e-01,4.7075370e-01,4.3257501e-01,6.5887863e-01
-5.7008912e-01,1.6773890e-01,7.0545457e-02,5.8438396e-01,3.9489618e-01,6.5043162e-01
-4.3178830e-01,2.3835780e-01,2.3264694e-01,6.6868946e-01,3.4251867e-01,5.9812089e-01
-2.8369962e-01,2.9504127e-01,3.7283129e-01,7.2191144e-01,2.7848043e-01,5.0713718e-01
-1.3250012e-01,3.3610014e-01,4.8234394e-01,7.4375316e-01,2.0616946e-01,3.8513309e-01
1.5459315e-02,3.6061890e-01,5.5485643e-01,7.3528573e-01,1.2915555e-01,2.4160729e-01
1.5441801e-01,3.6845609e-01,5.8681424e-01,6.9879452e-01,5.1022290e-02,8.7182945e-02
2.7941886e-01,3.6020990e-01,5.7758022e-01,6.3757887e-01,-2.4793054e-02,-6.7165841e-02
3.8646401e-01,3.3715209e-01,5.2937086e-01,5.5571992e-01,-9.5144892e-02,-2.1088389e-01
4.7261003e-01,3.0113496e-01,4.4699709e-01,4.5783147e-01,-1.5730400e-01,-3.3454776e-01
5.3600299e-01,2.5447687e-01,3.3743485e-01,3.4880871e-01,-2.0905687e-01,-4.3047397e-01
5.7585774e-01,1.9983264e-01,2.0926129e-01,2.3358843e-01,-2.4877636e-01,-4.9318403e-01
5.9238812e-01,1.4005556e-01,7.2000940e-02,1.1693212e-01,-2.7546202e-01,-5.1969911e-01
5.8669729e-01,7.8057824e-02,-6.4569397e-02,3.2410712e-03,-2.8874958e-01,-5.0965010e-01
5.6063858e-01,1.6675894e-02,-1.9110695e-01,-1.0359034e-01,-2.8889093e-01,-4.6520221e-01
5.1665774e-01,-4.1453287e-02,-2.9933297e-01,-2.0027993e-01,-2.7670694e-01,-3.9080620e-01
4.5762775e-01,-9.3999951e-02,-3.8256446e-01,-2.8422122e-01,-2.5351682e-01,-2.9280025e-01
3.8668585e-01,-1.3902896e-01,-4.3611435e-01,-3.5350736e-01,-2.2104852e-01,-1.7889584e-01
3.0708152e-01,-1.7506403e-01,-4.5753690e-01,-4.0691984e-01,-1.8133541e-01,-5.7587999e-02
2.2204203e-01,-2.0112700e-01,-4.4670742e-01,-4.4388813e-01,-1.3660473e-01,6.2465829e-02
1.3466009e-01,-2.1675165e-01,-4.0573680e-01,-4.6442701e-01,-8.9163716e-02,1.7305369e-01
4.7806162e-02,-2.2197287e-01,-3.3873356e-01,-4.6905935e-01,-4.1288587e-02,2.6696167e-01
-3.5934447e-02,-2.1729307e-01,-2.5143589e-01,-4.5873123e-01,4.8781994e-03,3.3843457e-01
-1.1430100e-01,-2.0362864e-01,-1.5074469e-01,-4.3472619e-01,4.7418242e-02,3.8351593e-01
-1.8537634e-01,-1.8224037e-01,-4.4194339e-02,-3.9858374e-01,8.4711363e-02,4.0024841e-01
-2.4758948e-01,-1.5465180e-01,6.0599068e-02,-3.5202633e-01,1.1549107e-01,3.8872604e-01
-2.9970625e-01,-1.2256035e-01,1.5647243e-01,-2.9689707e-01,1.3887971e-01,3.5100054e-01
-3.4081273e-01,-8.7745900e-02,2.3719626e-01,-2.3510909e-01,1.5440295e-01,2.9085439e-01
-3.7029555e-01,-5.1981238e-02,2.9786954e-01,-1.6860614e-01,1.6198393e-01,2.1346198e-01
-3.8782273e-01,-1.6948861e-02,3.3520470e-01,-9.9332486e-02,1.6191879e-01,1.2496738e-01
-3.9332754e-01,1.5832428e-02,3.4768692e-01,-2.9209838e-02,1.5483587e-01,3.2011982e-02
-3.8699651e-01,4.5068008e-02,3.3560196e-01,3.9881894e-02,1.4164146e-01,-5.8752524e-02
-3.6926213e-01,6.9732906e-02,3.0093602e-01,1.0612297e-01,1.2345584e-01,-1.4113077e-01
-3.4079883e-01,8.9100920e-02,2.4716016e-01,1.6777413e-01,1.0154314e-01,-2.0979786e-01
-3.0252077e-01,1.0275701e-01,1.7891943e-01,2.2320090e-01,7.7239158e-02,-2.6063384e-01
-2.5557859e-01,1.1059341e-01,1.0165296e-01,2.7090320e-01,5.1880610e-02,-2.9095832e-01
-2.0135239e-01,1.1279074e-01,2.1174879e-02,3.0955044e-01,2.6739482e-02,-2.9965288e-01
-1.4143811e-01,1.0978600e-01,-5.6752467e-02,3.3802115e-01,2.9653524e-03,-2.8716746e-01
-7.7624745e-02,1.0223004e-01,-1.2682219e-01,3.5544543e-01,-1.8461895e-02,-2.5541538e-01
-1.1860633e-02,9.0937293e-02,-1.8453587e-01,3.6124728e-01,-3.6767233e-02,-2.0756944e-01
5.3792053e-02,7.6830863e-02,-2.2648286e-01,3.5518354e-01,-5.1402546e-02,-1.4777803e-01
1.1721447e-01,6.0886255e-02,-2.5052939e-01,3.3737578e-01,-6.2055339e-02,-8.0825083e-02
1.7629855e-01,4.4076604e-02,-2.5590793e-01,3.0833145e-01,-6.8644530e-02,-1.1760729e-02
2.2902230e-01,2.7322276e-02,-2.4320506e-01,2.6895099e-01,-7.1304466e-02,5.4469581e-02
2.7352950e-01,1.1447158e-02,-2.1425333e-01,2.2051846e-01,-7.0358787e-02,1.1337085e-01
3.0820967e-01,-2.8564915e-03,-1.7193935e-01,1.6467383e-01,-6.6286252e-02,1.6119560e-01
3.3177360e-01,-1.5053347e-02,-1.1994571e-01,1.0336674e-01,-5.9680902e-02,1.9517308e-01
3.4331967e-01,-2.4779797e-02,-6.2448534e-02,3.8792332e-02,-5.1209108e-02,2.1365744e-01
3.4238652e-01,-3.1848117e-02,-3.7944500e-03,-2.6688604e-02,-4.1566050e-02,2.1618793e-01
3.2898794e-01,-3.6240562e-02,5.1818701e-02,-9.0641956e-02,-3.1434057e-02,2.0346093e-01
3.0362699e-01,-3.8094386e-02,1.0063453e-01,-1.5066073e-01,-2.1444978e-02,1.7722029e-01
2.6728747e-01,-3.7679251e-02,1.3958421e-01,-2.0446855e-01,-1.2148400e-02,1.4007754e-01
2.2140196e-01,-3.5368825e-02,1.6647057e-01,-2.5002073e-01,-3.9871050e-03,9.5278693e-02
1.6779740e-01,-3.1608563e-02,1.8007959e-01,-2.8559730e-01,2.7193532e-03,4.6437069e-02
1.0862036e-01,-2.6881764e-02,1.8021515e-01,-3.0988272e-01,7.7825370e-03,-2.7467631e-03
4.6245277e-02,-2.1675986e-02,1.6765788e-01,-3.2202772e-01,1.1144609e-02,-4.8756779e-02
-1.6829456e-02,-1.6451730e-02,1.4405528e-01,-3.2168937e-01,1.2869983e-02,-8.8505660e-02
-7.8092557e-02,-1.1615093e-02,1.1175440e-01,-3.0904719e-01,1.3130130e-02,-1.1953481e-01
-1.3513201e-01,-7.4957381e-03,7.3592387e-02,-2.8479395e-01,1.2182875e-02,-1.4015781e-01
-1.8574251e-01,-4.3311865e-03,3.2662320e-02,-2.5010165e-01,1.0347736e-02,-1.4953964e-01
-2.2802245e-01,-2.2579719e-03,-7.9269684e-03,-2.0656439e-01,7.9790305e-03,-1.4770916e-01
-2.6045550e-01,-1.3098132e-03,-4.5279188e-02,-1.5612130e-01,5.4384899e-03,-1.3550733e-01
-2.8197245e-01,-1.4225191e-03,-7.6910627e-02,-1.0096366e-01,3.0690697e-03,-1.1447846e-01
-2.9199054e-01,-2.4449689e-03,-1.0090860e-01,-4.3431280e-02,1.1714885e-03,-8.6715377e-02
-2.9042837e-01,-4.1551886e-03,-1.1603870e-01,1.4096174e-02,-1.5206178e-05,-5.4672683e-02
-2.7769640e-01,-6.2802892e-03,-1.2179554e-01,6.9307245e-02,-3.2804647e-04,-2.0963534e-02
-2.5466387e-01,-8.5188585e-03,-1.1839625e-01,1.2006048e-01,3.1113277e-04,1.1843824e-02
-2.2260469e-01,-1.0564320e-02,-1.0672026e-01,1.6447485e-01,1.8929513e-03,4.1414546e-02
-1.8312587e-01,-1.2127774e-02,-8.8202803e-02,2.0100453e-01,4.3236503e-03,6.5807272e-02
-1.3808262e-01,-1.2958917e-02,-6.4692714e-02,2.2849463e-01,7.4337515e-03,8.3595276e-02
-8.9485281e-02,-1.2863828e-02,-3.8287242e-02,2.4621597e-01,1.0991483e-02,9.3941596e-02
-3.9403093e-02,-1.1718606e-02,-1.1157713e-02,2.5387788e-01,1.4719987e-02,9.6624946e-02
1.0129973e-02,-9.4781428e-03,1.4620130e-02,2.5161951e-01,1.8317145e-02,9.2017153e-02
5.7202687e-02,-6.1796232e-03,3.7218369e-02,2.3998130e-01,2.1476722e-02,8.1016493e-02
1.0010318e-01,-1.9406641e-03,5.5180964e-02,2.1985907e-01,2.3909509e-02,6.4944525e-02
1.3738147e-01,3.0476824e-03,6.7511597e-02,1.9244433e-01,2.5363176e-02,4.5416413e-02
1.6789566e-01,8.5325349e-03,7.3720487e-02,1.5915467e-01,2.5639649e-02,2.4196273e-02
1.9084055e-01,1.4214619e-02,7.3828813e-02,1.2155844e-01,2.4609014e-02,3.0496731e-03
2.0575863e-01,1.9766555e-02,6.8332751e-02,8.1298167e-02,2.2219159e-02,-1.6395007e-02
2.1253423e-01,2.4852859e-02,5.8132205e-02,4.0016439e-02,1.8500653e-02,-3.2765924e-02
2.1137264e-01,2.9150476e-02,4.4431824e-02,-7.1193554e-04,1.3566607e-02,-4.5039457e-02
2.0276657e-01,3.2368615e-02,2.8623722e-02,-3.9438843e-02,7.6076005e-03,-5.2598470e-02
1.8745294e-01,3.4266753e-02,1.2162270e-02,-7.4890658e-02,8.8200010e-04,-5.5254330e-02
1.6636314e-01,3.4669772e-02,-3.5585155e-03,-1.0600370e-01,-6.2977307e-03,-5.3232903e-02
1.4056992e-01,3.3479404e-02,-1.7315247e-02,-1.3194691e-01,-1.3581918e-02,-4.7127619e-02
1.1123404e-01,3.0681323e-02,-2.8144779e-02,-1.5213224e-01,-2.0602780e-02,-3.7825196e-02
7.9553344e-02,2.6347551e-02,-3.5406958e-02,-1.6621355e-01,-2.6994662e-02,-2.6411570e-02
4.6716336e-02,2.0634029e-02,-3.8816756e-02,-1.7407592e-01,-3.2414261e-02,-1.4066797e-02
1.3862022e-02,1.3773535e-02,-3.8444726e-02,-1.7581701e-01,-3.6559722e-02,-1.9582018e-03
-1.7953087e-02,6.0643487e-03,-3.4687369e-02,-1.7172280e-01,-3.9187559e-02,8.8592442e-03
-4.7780405e-02,-2.1446942e-03,-2.8211402e-02,-1.6223969e-01,-4.0126489e-02,1.7527342e-02
-7.4797284e-02,-1.0471941e-02,-1.9877898e-02,-1.4794503e-01,-3.9287432e-02,2.3447522e-02
-9.8318243e-02,-1.8522480e-02,-1.0653693e-02,-1.2951770e-01,-3.6669168e-02,2.6317853e-02
-1.1780036e-01,-2.5908466e-02,-1.5181916e-03,-1.0771015e-01,-3.2359347e-02,2.6142237e-02
-1.3284398e-01,-3.2269134e-02,6.6262300e-03,-8.3322753e-02,-2.6530840e-02,2.3212284e-02
-1.4318991e-01,-3.7289437e-02,1.3032673e-02,-5.7180947e-02,-1.9433621e-02,1.8064586e-02
-1.4871436e-01,-4.0716342e-02,1.7170690e-02,-3.0115293e-02,-1.1382649e-02,1.1418136e-02
-1.4942241e-01,-4.2371940e-02,1.8765169e-02,-2.9441932e-03,-2.7423774e-03,4.0981110e-03
-1.4544091e-01,-4.2162707e-02,1.7810578e-02,2.3541226e-02,6.0912592e-03,-3.0467925e-03
-1.3701113e-01,-4.0084457e-02,1.4560189e-02,4.8590663e-02,1.4710465e-02,-9.2260008e-03
-1.2448119e-01,-3.6222757e-02,9.4920783e-03,7.1507263e-02,2.2715766e-02,-1.3780516e-02
-1.0829835e-01,-3.0748809e-02,3.2556207e-03,9.1659857e-02,2.9735739e-02,-1.6241952e-02
-8.9000454e-02,-2.3911041e-02,-3.3962056e-03,1.0849519e-01,3.5445264e-02,-1.6372336e-02
-6.7206163e-02,-1.6022858e-02,-9.6823286e-03,1.2155030e-01,3.9581398e-02,-1.4181652e-02
-4.3603374e-02,-7.4472113e-03,-1.4869998e-02,1.3046481e-01,4.1956075e-02,-9.9220897e-03
-1.8935201e-02,1.4212213e-03,-1.8345285e-02,1.3499290e-01,4.2465021e-02,-4.0600287e-03
6.0168239e-03,1.0175321e-02,-1.9671493e-02,1.3501405e-01,4.1092457e-02,2.7713450e-03
3.0452502e-02,1.8415302e-02,-1.8630487e-02,1.3054189e-01,3.7911403e-02,9.8342337e-03
5.3575556e-02,2.5767975e-02,-1.5243486e-02,1.2173004e-01,3.3079599e-02,1.6357497e-02
7.4618583e-02,3.1904558e-02,-9.7697259e-03,1.0887408e-01,2.6831287e-02,2.1610546e-02
9.2869594e-02,3.6556131e-02,-2.6833152e-03,9.2408669e-02,1.9465316e-02,2.4973292e-02
1.0769905e-01,3.9526032e-02,5.3695180e-03,7.2899106e-02,1.1330187e-02,2.5995962e-02
1.1858608e-01,4.0698572e-02,1.3628898e-02,5.1027063e-02,2.8068230e-03,2.4443578e-02
1.2514239e-01,4.0043708e-02,2.1290308e-02,2.7570301e-02,-5.7100602e-03,2.0321212e-02
1.2713232e-01,3.7617473e-02,2.7578055e-02,3.3768264e-03,-1.3831038e-02,1.3877839e-02
1.2448772e-01,3.3558207e-02,3.1816793e-02,-2.0665763e-02,-2.1190572e-02,5.5884377e-03
1.1731622e-01,2.8078822e-02,3.3494865e-02,-4.3664547e-02,-2.7464198e-02,-3.8841485e-03
1.0590204e-01,2.1455531e-02,3.2313958e-02,-6.4757661e-02,-3.2383481e-02,-1.3744355e-02
9.0698748e-02,1.4013667e-02,2.8220738e-02,-8.3150988e-02,-3.5748025e-02,-2.3131378e-02
7.2313890e-02,6.1113058e-03,2.1417619e-02,-9.8153261e-02,-3.7433989e-02,-3.1193286e-02
5.1485797e-02,-1.8784386e-03,1.2351637e-02,-1.0920761e-01,-3.7398745e-02,-3.7161476e-02
2.9053511e-02,-9.5855762e-03,1.6821688e-03,-1.1591775e-01,-3.5681498e-02,-4.0419178e-02
5.9211358e-03,-1.6660939e-02,-9.7699486e-03,-1.1806713e-01,-3.2399911e-02,-4.0558153e-02
-1.6981683e-02,-2.2792557e-02,-2.1087807e-02,-1.1562988e-01,-2.7742957e-02,-3.7418742e-02
-3.8741132e-02,-2.7719924e-02,-3.1333006e-02,-1.0877276e-01,-2.1960423e-02,-3.1109725e-02
-5.8500301e-02,-3.1245482e-02,-3.9623336e-02,-9.7847654e-02,-1.5349636e-02,-2.2006160e-02
-7.5497746e-02,-3.3242807e-02,-4.5207159e-02,-8.3375096e-02,-8.2401258e-03,-1.0725124e-02
-8.9101463e-02,-3.3661153e-02,-4.7528374e-02,-6.6019418e-02,-9.7700370e-04,1.9188950e-03
-9.8836421e-02,-3.2526188e-02,-4.6276508e-02,-4.6556896e-02,6.0960709e-03,1.4975520e-02
-1.0440417e-01,-2.9936969e-02,-4.1417729e-02,-2.5838563e-02,1.2653503e-02,2.7432138e-02
-1.0569352e-01,-2.6059373e-02,-3.3204019e-02,-4.7497006e-03,1.8403125e-02,3.8293835e-02
-1.0278171e-01,-2.1116383e-02,-2.2159548e-02,1.5831790e-02,2.3099578e-02,4.6663267e-02
-9.5926257e-02,-1.5375780e-02,-9.0450558e-03,3.5075880e-02,2.6555077e-02,5.1814053e-02
-8.5547894e-02,-9.1359018e-03,5.1971460e-03,5.2237609e-02,2.8647085e-02,5.3251761e-02
-7.2205881e-02,-2.7102314e-03,1.9513407e-02,6.6689049e-02,2.9322573e-02,5.0757518e-02
-5.6567062e-02,3.5883945e-03,3.2818812e-02,7.7944429e-02,2.8598731e-02,4.4410579e-02
-3.9370611e-02,9.4631545e-03,4.4080899e-02,8.5677264e-02,2.6560169e-02,3.4587889e-02
-2.1390488e-02,1.4647425e-02,5.2400491e-02,8.9728814e-02,2.3352830e-02,2.1940402e-02
-3.3977376e-03,1.8917093e-02,5.7083289e-02,9.0107732e-02,1.9174993e-02,7.3477890e-03
1.3875307e-02,2.2100412e-02,5.7696583e-02,8.6981297e-02,1.4265897e-02,-8.1451500e-03
2.9767048e-02,2.4084977e-02,5.4106517e-02,8.0659072e-02,8.8926078e-03,-2.3405616e-02
4.3713297e-02,2.4821514e-02,4.6492883e-02,7.1570269e-02,3.3358411e-03,-3.7297641e-02
5.5267432e-02,2.4324391e-02,3.5340082e-02,6.0236417e-02,-2.1245146e-03,-4.8768158e-02
6.4113295e-02,2.2668887e-02,2.1404773e-02,4.7241098e-02,-7.2234293e-03,-5.6927701e-02
7.0070584e-02,1.9985448e-02,5.6624896e-03,3.3198633e-02,-1.1723613e-02,-6.1119538e-02
7.3092937e-02,1.6451306e-02,-1.0762858e-02,1.8723523e-02,-1.5426616e-02,-6.0971862e-02
7.3259365e-02,1.2279947e-02,-2.6681340e-02,4.4023131e-03,-1.8181631e-02,-5.6428958e-02
7.0760028e-02,7.7090334e-03,-4.0925077e-02,-9.2307353e-03,-1.9891589e-02,-4.7758850e-02
6.5877641e-02,2.9874423e-03,-5.2435374e-02,-2.1713091e-02,-2.0516328e-02,-3.5536705e-02
5.8965968e-02,-1.6378890e-03,-6.0342354e-02,-3.2667852e-02,-2.0072724e-02,-2.0605104e-02
5.0426923e-02,-5.9346207e-03,-6.4031061e-02,-4.1811826e-02,-1.8631885e-02,-4.0140592e-03
4.0687761e-02,-9.6965288e-03,-6.3189001e-02,-4.8957913e-02,-1.6313602e-02,1.3054820e-02
3.0179699e-02,-1.2753315e-02,-5.7831486e-02,-5.4012291e-02,-1.3278452e-02,2.9374401e-02
1.9319077e-02,-1.4978243e-02,-4.8302810e-02,-5.6967166e-02,-9.7180091e-03,4.3761951e-02
8.4918903e-03,-1.6293258e-02,-3.5253078e-02,-5.7890111e-02,-5.8437304e-03,5.5166214e-02
-1.9578038e-03,-1.6671394e-02,-1.9592350e-02,-5.6911112e-02,-1.8751458e-03,6.2745164e-02
-1.1735428e-02,-1.6136414e-02,-2.4254562e-03,-5.4208485e-02,1.9720154e-03,6.5928630e-02
-2.0599529e-02,-1.4759784e-02,1.5027743e-02,-4.9994780e-02,5.4971311e-03,6.4461139e-02
-2.8361937e-02,-1.2655204e-02,3.1520753e-02,-4.4503629e-02,8.5248422e-03,5.8421760e-02
-3.4885090e-02,-9.9710641e-03,4.5871004e-02,-3.7978311e-02,1.0913552e-02,4.8219483e-02
-4.0077312e-02,-6.8812850e-03,5.7045880e-02,-3.0662555e-02,1.2561862e-02,3.4564444e-02
-4.3886891e-02,-3.5750646e-03,6.4237912e-02,-2.2793817e-02,1.3412660e-02,1.8417118e-02
-4.6295806e-02,-2.4612033e-04,6.6923592e-02,-1.4599033e-02,1.3454709e-02,9.1921813e-04
-4.7313857e-02,2.9179877e-03,6.4901536e-02,-6.2925748e-03,1.2721707e-02,-1.6688623e-02
-4.6973783e-02,5.7458819e-03,5.8307205e-02,1.9240421e-03,1.1288961e-02,-3.3156339e-02
-4.5327793e-02,8.0912187e-03,4.7603164e-02,9.8612876e-03,9.2678984e-03,-4.7314533e-02
-4.2445665e-02,9.8399200e-03,3.3545630e-02,1.7340254e-02,6.7987772e-03,-5.8158628e-02
-3.8414379e-02,1.0915439e-02,1.7129818e-02,2.4191457e-02,4.0420405e-03,-6.4920929e-02
-3.3339003e-02,1.1281827e-02,-4.8188095e-04,3.0254388e-02,1.1688142e-03,-6.7125412e-02
-2.7344413e-02,1.0944492e-02,-1.8043607e-02,3.5378273e-02,-1.6489120e-03,-6.4621288e-02
-2.0577260e-02,9.9486688e-03,-3.4315498e-02,3.9424324e-02,-4.2478799e-03,-5.7593010e-02
-1.3207559e-02,8.3757453e-03,-4.8152414e-02,4.2269538e-02,-6.4824178e-03,-4.6546089e-02
-5.4292841e-03,6.3376910e-03,-5.8585483e-02,4.3811905e-02,-8.2320921e-03,-3.2269853e-02
2.5406027e-03,3.9699503e-03,-6.4890616e-02,4.3976666e-02,-9.4077684e-03,-1.5779976e-02
1.0465100e-02,1.4232171e-03,-6.6639110e-02,4.2723101e-02,-9.9557902e-03,1.7549777e-03
1.8092339e-02,-1.1454277e-03,-6.3726795e-02,4.0051172e-02,-9.8600929e-03,1.9097582e-02
2.5163013e-02,-3.5815184e-03,-5.6379743e-02,3.6007312e-02,-9.1421869e-03,3.5030033e-02
3.1419858e-02,-5.7418496e-03,-4.5136315e-02,3.0688617e-02,-7.8590594e-03,4.8440685e-02
3.6618763e-02,-7.5022999e-03,-3.0806972e-02,2.4244789e-02,-6.0991594e-03,5.8402423e-02
4.0540895e-02,-8.7644235e-03,-1.4414935e-02,1.6877291e-02,-3.9767273e-03,6.4237303e-02
4.3005059e-02,-9.4604770e-03,2.8779162e-03,8.8353686e-03,-1.6248169e-03,6.5562920e-02
4.3879424e-02,-9.5566390e-03,1.9854451e-02,4.0882499e-04,8.1258005e-04,6.2317339e-02
4.3091714e-02,-9.0542855e-03,3.5328952e-02,-8.0823218e-03,3.1888567e-03,5.4760974e-02
4.0637004e-02,-7.9892902e-03,4.8230794e-02,-1.6300915e-02,5.3630965e-03,4.3455501e-02
3.6582375e-02,-6.4294294e-03,5.7679188e-02,-2.3907844e-02,7.2079079e-03,2.9221524e-02
3.1067869e-02,-4.4700698e-03,6.3043712e-02,-3.0578516e-02,8.6163682e-03,1.3078231e-02
2.4303399e-02,-2.2284076e-03,6.3986483e-02,-3.6019648e-02,9.5077159e-03,-3.8304716e-03
1.6561538e-02,1.6339845e-04,6.0483118e-02,-3.9985325e-02,9.8315041e-03,-2.0317917e-02
8.1664100e-03,2.5658064e-03,5.2821246e-02,-4.2291270e-02,9.5700172e-03,-3.5238813e-02
-5.2084329e-04,4.8397575e-03,4.1576920e-02,-4.2826341e-02,8.7388498e-03,-4.7569519e-02
-9.1192688e-03,6.8543972e-03,2.7570867e-02,-4.1560418e-02,7.3856503e-03,-5.6478801e-02
-1.7247044e-02,8.4942336e-03,1.1807936e-02,-3.8548033e-02,5.5871275e-03,-6.1384137e-02
-2.4541050e-02,9.6653575e-03,-4.5957485e-03,-3.3927382e-02,3.4445119e-03,-6.1989761e-02
-3.0675911e-02,1.0300400e-02,-2.0492592e-02,-2.7914627e-02,1.0777424e-03,-5.8303957e-02
-3.5381329e-02,1.0361982e-02,-3.4784528e-02,-2.0793715e-02,-1.3812865e-03,-5.0634664e-02
-3.8456627e-02,9.8444993e-03,-4.6499461e-02,-1.2902223e-02,-3.7960412e-03,-3.9563986e-02
-3.9781586e-02,8.7741568e-03,-5.4857782e-02,-4.6140154e-03,-6.0328247e-03,-2.5903706e-02
-3.9322855e-02,7.2072990e-03,-5.9324391e-02,3.6802910e-03,-7.9680096e-03,-1.0635239e-02
-3.7135518e-02,5.2271332e-03,-5.9642748e-02,1.1593905e-02,-9.4946462e-03,5.1615173e-03
-3.3359691e-02,2.9390523e-03,-5.5848822e-02,1.8764255e-02,-1.0528101e-02,2.0385216e-02
-2.8212326e-02,4.6482402e-04,-4.8264241e-02,2.4871974e-02,-1.1010438e-02,3.3990446e-02
-2.1974720e-02,-2.0640282e-03,-3.7469465e-02,2.9657347e-02,-1.0913336e-02,4.5059989e-02
-1.4976502e-02,-4.5132915e-03,-2.4259194e-02,3.2933235e-02,-1.0239392e-02,5.2866941e-02
-7.5770537e-03,-6.7531971e-03,-9.5834473e-03,3.4593725e-02,-9.0217869e-03,5.6922448e-02
-1.4553057e-04,-8.6652456e-03,5.5212841e-03,3.4618033e-02,-7.3223285e-03,5.7005960e-02
6.9593159e-03,-1.0148368e-02,2.0005794e-02,3.3069476e-02,-5.2280187e-03,5.3176147e-02
1.3408292e-02,-1.1124109e-02,3.2881536e-02,3.0089655e-02,-2.8463295e-03,4.5762048e-02
1.8918755e-02,-1.1540579e-02,4.3288453e-02,2.5888282e-02,-2.9945970e-04,3.5335440e-02
2.3268465e-02,-1.1374975e-02,5.0552591e-02,2.0729358e-02,2.2821173e-03,2.2666691e-02
2.6305520e-02,-1.0634570e-02,5.4229637e-02,1.4914618e-02,4.7664700e-03,8.6675405e-03
2.7953884e-02,-9.3561371e-03,5.4131562e-02,8.7653361e-03,7.0270302e-03,-5.6749567e-03
2.8214287e-02,-7.6038482e-03,5.0334852e-02,2.6036251e-03,8.9490683e-03,-1.9368476e-02
2.7160575e-02,-5.4657925e-03,4.3170086e-02,-3.2655872e-03,1.0435490e-02,-3.1484483e-02
2.4931910e-02,-3.0493003e-03,3.3193976e-02,-8.5708304e-03,1.1411672e-02,-4.1221457e-02
2.1721420e-02,-4.7533220e-04,2.1146191e-02,-1.3087663e-02,1.1829088e-02,-4.7957984e-02
1.7762161e-02,2.1277665e-03,7.8943016e-03,-1.6648803e-02,1.1667575e-02,-5.1292170e-02
1.3311360e-02,4.6308199e-03,-5.6290360e-03,-1.9150322e-02,1.0936123e-02,-5.1064937e-02
8.6340161e-03,6.9103451e-03,-1.8492086e-02,-2.0553673e-02,9.6721818e-03,-4.7365886e-02
3.9869144e-03,8.8547145e-03,-2.9828541e-02,-2.0883623e-02,7.9395318e-03,-4.0521712e-02
-3.9594232e-04,1.0369650e-02,-3.8896041e-02,-2.0222385e-02,5.8248516e-03,-3.1068368e-02
-4.3156158e-03,1.1382777e-02,-4.5124746e-02,-1.8700539e-02,3.4331718e-03,-1.9709297e-02
-7.6175500e-03,1.1847030e-02,-4.8152796e-02,-1.6485468e-02,8.8246035e-04,-7.2629740e-03
-1.0197468e-02,1.1742740e-02,-4.7846475e-02,-1.3768202e-02,-1.7023748e-03,5.3963291e-03
-1.2003645e-02,1.1078332e-02,-4.4304055e-02,-1.0749616e-02,-4.1957570e-03,1.7400236e-02
-1.3035596e-02,9.8896134e-03,-3.7843420e-02,-7.6269485e-03,-6.4776655e-03,2.7946063e-02
-1.3339488e-02,8.2376980e-03,-2.8974763e-02,-4.5815060e-03,-8.4395046e-03,3.6350581e-02
-1.3000746e-02,6.2057113e-03,-1.8360617e-02,-1.7683407e-03,-9.9893271e-03,4.2094142e-02
-1.2134562e-02,3.8944405e-03,-6.7663403e-03,6.9151786e-04,-1.1056162e-02,4.4852339e-02
-1.0875054e-02,1.4171715e-03,4.9952429e-03,2.7158854e-03,-1.1593243e-02,4.4513313e-02
-9.3639400e-03,-1.1060188e-03,1.6121029e-02,4.2631385e-03,-1.1579999e-02,4.1179875e-02
-7.7395626e-03,-3.5542241e-03,2.5872621e-02,5.3308888e-03,-1.1022715e-02,3.5156710e-02
-6.1270163e-03,-5.8116237e-03,3.3625337e-02,5.9518948e-03,-9.9538734e-03,2.6923956e-02
-4.6300484e-03,-7.7730585e-03,3.8907993e-02,6.1876762e-03,-8.4301996e-03,1.7099376e-02
-3.3252185e-03,-9.3489969e-03,4.1430956e-02,6.1204392e-03,-6.5295608e-03,6.3920782e-03
-2.2586224e-03,-1.0469657e-02,4.1100848e-02,5.8440162e-03,-4.3468684e-03,-4.4487520e-03
-1.4452820e-03,-1.1088094e-02,3.8021260e-02,5.4545635e-03,-1.9892134e-03,-1.4686397e-02
-8.7109943e-04,-1.1182117e-02,3.2479852e-02,5.0417442e-03,4.2951490e-04,-2.3646740e-02
-4.9708837e-04,-1.0754971e-02,2.4923135e-02,4.6810536e-03,2.7942521e-03,-3.0762573e-02
-2.6543215e-04,-9.8347510e-03,1.5921067e-02,4.4278329e-03,4.9943420e-03,-3.5609171e-02
-1.0680342e-04,-8.4726279e-03,6.1242357e-03,4.3133633e-03,6.9288072e-03,-3.7928952e-02
5.1697023e-05,-6.7399725e-03,-3.7831611e-03,4.3432608e-03,8.5110527e-03,-3.7643833e-02
2.7864618e-04,-4.7245512e-03,-1.3131147e-02,4.4982051e-03,9.6727815e-03,-3.4854827e-02
6.3108673e-04,-2.5259950e-03,-2.1309259e-02,4.7368594e-03,1.0366947e-02,-2.9829336e-02
1.1485601e-03,-2.5077817e-04,-2.7806249e-02,5.0006689e-03,1.0569612e-02,-2.2977405e-02
1.8488340e-03,1.9930364e-03,-3.2241622e-02,5.2200945e-03,1.0280653e-02,-1.4818971e-02
2.7256310e-03,4.1010235e-03,-3.4387120e-02,5.3217386e-03,9.5232842e-03,-5.9446833e-03
3.7484986e-03,5.9773375e-03,-3.4176992e-02,5.2357663e-03,8.3424661e-03,3.0267819e-03
4.8647987e-03,7.5391332e-03,-3.1706755e-02,4.9030152e-03,6.8022875e-03,1.1491817e-02
6.0036245e-03,8.7202605e-03,-2.7220923e-02,4.2812280e-03,4.9824753e-03,1.8902402e-02
7.0813156e-03,9.4740678e-03,-2.1090975e-02,3.3499169e-03,2.9742242e-03,2.4801336e-02
8.0081220e-03,9.7751957e-03,-1.3785436e-02,2.1134871e-03,8.7556191e-04,2.8849933e-02
8.6954901e-03,9.6202968e-03,-5.8344266e-03,6.0237895e-04,-1.2135086e-03,3.0846568e-02
9.0634047e-03,9.0276706e-03,2.2086327e-03,-1.1278516e-03,-3.1958498e-03,3.0735117e-02
9.0472238e-03,8.0358577e-03,9.8054354e-03,-2.9994446e-03,-4.9817736e-03,2.8603125e-02
8.6034904e-03,6.7012861e-03,1.6468644e-02,-4.9171199e-03,-6.4931524e-03,2.4670217e-02
7.7142852e-03,5.0951097e-03,2.1792826e-02,-6.7741855e-03,-7.6668649e-03,1.9267947e-02
6.3897964e-03,3.2994127e-03,2.5478529e-02,-8.4596250e-03,-8.4574261e-03,1.2812833e-02
4.6689187e-03,1.4029842e-03,2.7348130e-02,-9.8656489e-03,-8.8386926e-03,5.7747054e-03
2.6178316e-03,-5.0311948e-04,2.7352702e-02,-1.0895171e-02,-8.8045824e-03,-1.3572454e-03
3.2665896e-04,-2.3300016e-03,2.5569814e-02,-1.1468681e-02,-8.3688024e-03,-8.1082812e-03
-2.0955614e-03,-3.9951217e-03,2.2192814e-02,-1.1530031e-02,-7.5636215e-03,-1.4049473e-02
-4.5272483e-03,-5.4260645e-03,1.7512706e-02,-1.1050746e-02,-6.4377775e-03,-1.8824549e-02
-6.8415526e-03,-6.5637057e-03,1.1894198e-02,-1.0032551e-02,-5.0536448e-03,-2.2170592e-02
-8.9140477e-03,-7.3646375e-03,5.7478442e-03,-8.5079761e-03,-3.4838236e-03,-2.3931443e-02
-1.0630320e-02,-7.8027550e-03,-4.9963587e-04,-6.5389849e-03,-1.8073354e-03,-2.4063229e-02
-1.1892964e-02,-7.8699514e-03,-6.4347217e-03,-4.2137410e-03,-1.0562534e-04,-2.2632010e-02
-1.2627535e-02,-7.5759142e-03,-1.1684150e-02,-1.6417391e-03,1.5414274e-03,-1.9804087e-02
-1.2787083e-02,-6.9470606e-03,-1.5937918e-02,1.0523758e-03,3.0592921e-03,-1.5829992e-02
-1.2355009e-02,-6.0246924e-03,-1.8966858e-02,3.7358884e-03,4.3821830e-03,-1.1023571e-02
-1.1346069e-02,-4.8624872e-03,-2.0633849e-02,6.2755362e-03,5.4559137e-03,-5.7378584e-03
-9.8055228e-03,-3.5234711e-03,-2.0898237e-02,8.5450004e-03,6.2400863e-03,-3.3953334e-04
-7.8064877e-03,-2.0766422e-03,-1.9813509e-02,1.0431903e-02,6.7095280e-03,4.8161891e-03
-5.4457140e-03,-5.9342363e-04,-1.7518737e-02,1.1843895e-02,6.8549320e-03,9.4085587e-03
-2.8380700e-03,8.5587242e-04,-1.4224729e-02,1.2713490e-02,6.6826961e-03,1.3170714e-02
-1.1010098e-04,2.2053917e-03,-1.0196119e-02,1.3001384e-02,6.2139982e-03,1.5904404e-02
2.6069288e-03,3.3967386e-03,-5.7308501e-03,1.2698108e-02,5.4831814e-03,1.7489265e-02
5.1840850e-03,4.3814913e-03,-1.1385948e-03,1.1823976e-02,4.5355545e-03,1.7886339e-02
7.5014882e-03,5.1231265e-03,3.2803379e-03,1.0427377e-02,3.4247418e-03,1.7135921e-02
9.4543389e-03,5.5982783e-03,7.2542165e-03,8.5815728e-03,2.2097310e-03,1.5350235e-02
1.0957921e-02,5.7972950e-03,1.0556019e-02,6.3802596e-03,9.5177932e-04,1.2701733e-02
1.1951349e-02,5.7240942e-03,1.3015578e-02,3.9321712e-03,-2.8866044e-04,9.4081102e-03
1.2399887e-02,5.3953533e-03,1.4527170e-02,1.3550925e-03,-1.4548407e-03,5.7152393e-03
1.2295804e-02,4.8391012e-03,1.5052316e-02,-1.2303640e-03,-2.4963070e-03,1.8793336e-03
1.1657761e-02,4.0928116e-03,1.4617941e-02,-3.7068583e-03,-3.3710567e-03,-1.8504052e-03
1.0528865e-02,3.2011125e-03,1.3310301e-02,-5.9659730e-03,-4.0471761e-03,-5.2475094e-03
8.9735579e-03,2.2132481e-03,1.1265408e-02,-7.9131280e-03,-4.5038978e-03,-8.1213852e-03
7.0735772e-03,1.1804311e-03,8.6568295e-03,-9.4715399e-03,-4.7320497e-03,-1.0327161e-02
4.9232702e-03,1.5322700e-04,5.6818849e-03,-1.0585073e-02,-4.7339000e-03,-1.1771814e-02
2.6245411e-03,-8.2089822e-04,2.5472826e-03,-1.1219901e-02,-4.5224365e-03,-1.2416440e-02
2.8172512e-04,-1.6997488e-03,-5.4478315e-04,-1.1364977e-02,-4.1201413e-03,-1.2274797e-02
-2.0033396e-03,-2.4481904e-03,-3.4091796e-03,-1.1031368e-02,-3.5573507e-03,-1.1408506e-02
-4.1358071e-03,-3.0394874e-03,-5.8882880e-03,-1.0250574e-02,-2.8703040e-03,-9.9195112e-03
-6.0316920e-03,-3.4561418e-03,-7.8598264e-03,-9.0719946e-03,-2.0989984e-03,-7.9405025e-03
-7.6209687e-03,-3.6902126e-03,-9.2417382e-03,-7.5597395e-03,-1.2849713e-03,-5.6241388e-03
-8.8498157e-03,-3.7431291e-03,-9.9940660e-03,-5.7889881e-03,-4.6912835e-04,-3.1318773e-03
-9.6819704e-03,-3.6250325e-03,-1.0117950e-02,-3.8421194e-03,3.1026921e-04,-6.2320021e-04
-1.0099211e-02,-3.3537062e-03,-9.6520778e-03,-1.8048112e-03,1.0193634e-03,1.7540799e-03
-1.0101024e-02,-2.9531747e-03,-8.6670531e-03,2.3770820e-04,1.6301237e-03,3.8718883e-03
-9.7035541e-03,-2.4520624e-03,-7.2582638e-03,2.2040995e-03,2.1213799e-03,5.6279490e-03
-8.9379454e-03,-1.8818139e-03,-5.5378635e-03,4.0199251e-03,2.4794315e-03,6.9496314e-03
-7.8482186e-03,-1.2748796e-03,-3.6264914e-03,5.6201474e-03,2.6982240e-03,7.7955536e-03
-6.4888085e-03,-6.6296486e-04,-1.6453046e-03,6.9510657e-03,2.7791088e-03,8.1550709e-03
-4.9219024e-03,-7.5436239e-05,2.9118661e-04,7.9716716e-03,2.7302227e-03,8.0459127e-03
-3.2146989e-03,4.6204021e-04,2.0811000e-03,8.6544352e-03,2.5655459e-03,7.5103310e-03
-1.4366957e-03,9.2856592e-04,3.6397252e-03,8.9855532e-03,2.3037067e-03,6.6101869e-03
3.4290320e-04,1.3087419e-03,4.9025094e-03,8.9647078e-03,1.9666170e-03,5.4214237e-03
2.0575913e-03,1.5930456e-03,5.8264874e-03,8.6043946e-03,1.5780234e-03,4.0283644e-03
3.6457182e-03,1.7778537e-03,6.3902711e-03,7.9288826e-03,1.1620616e-03,2.5182229e-03
5.0523670e-03,1.8651313e-03,6.5927968e-03,6.9728695e-03,7.4189510e-04,9.7615383e-04
6.2309247e-03,1.8618273e-03,6.4510928e-03,5.7798947e-03,3.3851023e-04,-5.1892381e-04
7.1443301e-03,1.7790284e-03,5.9973580e-03,4.4005648e-03,-3.0271426e-05,-1.8975827e-03
7.7659918e-03,1.6309375e-03,5.2756462e-03,2.8906458e-03,-3.5052133e-04,-3.1021692e-03
8.0803703e-03,1.4337467e-03,4.3384291e-03,1.3090698e-03,-6.1264595e-04,-4.0881383e-03
8.0832244e-03,1.2044796e-03,3.2432702e-03,-2.8409913e-04,-8.1153450e-04,-4.8245339e-03
7.7815223e-03,9.5987404e-04,2.0497848e-03,-1.8296927e-03,-9.4642260e-04,-5.2937544e-03
7.1930194e-03,7.1536998e-04,8.1700486e-04,-3.2714172e-03,-1.0204980e-03,-5.4907696e-03
6.3455106e-03,4.8425924e-04,-3.9879876e-04,-4.5577335e-03,-1.0402886e-03,-5.4219587e-03
5.2757676e-03,2.7703898e-04,-1.5458331e-03,-5.6435893e-03,-1.0148851e-03,-5.1037284e-03
4.0281815e-03,1.0099767e-04,-2.5780812e-03,-6.4919524e-03,-9.5505603e-04,-4.5610403e-03
2.6531387e-03,-3.9954017e-05,-3.4562510e-03,-7.0750899e-03,-8.7231883e-04,-3.8259413e-03
1.2051698e-03,-1.4521059e-04,-4.1484569e-03,-7.3755443e-03,-7.7802942e-04,-2.9361517e-03
-2.5907559e-04,-2.1717563e-04,-4.6307133e-03,-7.3867579e-03,-6.8254797e-04,-1.9337236e-03
-1.6829650e-03,-2.6077357e-04,-4.8873049e-03,-7.1133072e-03,-5.9453242e-04,-8.6375395e-04
-3.0120540e-03,-2.8281174e-04,-4.9110693e-03,-6.5707202e-03,-5.2040014e-04,2.2688796e-04
-4.1962084e-03,-2.9124261e-04,-4.7036028e-03,-5.7848638e-03,-4.6398626e-04,1.2908677e-03
-5.1915888e-03,-2.9438098e-04,-4.2753626e-03,-4.7909096e-03,-4.2641307e-04,2.2817715e-03
-5.9624068e-03,-3.0013151e-04,-3.6456175e-03,-3.6319022e-03,-4.0617116e-04,3.1555991e-03
-6.4823693e-03,-3.1527971e-04,-2.8421769e-03,-2.3569799e-03,-3.9939888e-04,3.8723681e-03
-6.7357333e-03,-3.4489351e-04,-1.9008230e-03,-1.0193140e-03,-4.0033460e-04,4.3977957e-03
-6.7179131e-03,-3.9187440e-04,-8.6437653e-04,3.2614626e-04,-4.0190534e-04,4.7049976e-03
-6.4355979e-03,-4.5668590e-04,2.1865567e-04,1.6250238e-03,-3.9640748e-04,4.7761024e-03
-5.9063643e-03,-5.3727549e-04,1.2958689e-03,2.8258477e-03,-3.7623043e-04,4.6036636e-03
-5.1577928e-03,-6.2919263e-04,2.3131660e-03,3.8822596e-03,-3.3457172e-04,4.1917306e-03
-4.2261244e-03,-7.2589324e-04,3.2173124e-03,4.7549802e-03,-2.6609395e-04,3.5564433e-03
-3.1545190e-03,-8.1920835e-04,3.9587310e-03,5.4134386e-03,-1.6747799e-04,2.7260292e-03
-1.9910016e-03,-8.9994488e-04,4.4943820e-03,5.8369768e-03,-3.7834237e-05,1.7401122e-03
-7.8619899e-04,-9.5857756e-04,4.7905450e-03,6.0155707e-03,1.2105679e-04,6.4828337e-04
4.0901549e-04,-9.8598575e-04,4.8252977e-03,5.9500292e-03,3.0469228e-04,-4.9205813e-04
1.5458475e-03,-9.7418602e-04,4.5904882e-03,5.6516646e-03,5.0598893e-04,-1.6185307e-03
2.5797556e-03,-9.1701144e-04,4.0930084e-03,5.1414582e-03,7.1561183e-04,-2.6671348e-03
3.4723610e-03,-8.1069215e-04,3.3552158e-03,4.4487697e-03,9.2247208e-04,-3.5759763e-03
4.1929966e-03,-6.5429731e-04,2.4143962e-03,3.6096699e-03,1.1143635e-03,-4.2891203e-03
4.7198206e-03,-4.5000732e-04,1.3212284e-03,2.6649927e-03,1.2787008e-03,-4.7603176e-03
5.0404454e-03,-2.0319531e-04,1.3727926e-04,1.6582197e-03,1.4033141e-03,-4.9563352e-03
5.1520623e-03,7.7691916e-05,-1.0683617e-03,6.3331796e-04,1.4772514e-03,-4.8596276e-03
5.0610736e-03,3.8145065e-04,-2.2231312e-03,-3.6734915e-04,1.4915403e-03,-4.4701208e-03
4.7822705e-03,6.9462065e-04,-3.2554816e-03,-1.3049246e-03,1.4398596e-03,-3.8059270e-03
4.3376236e-03,1.0021434e-03,-4.0995225e-03,-2.1456761e-03,1.3190800e-03,-2.9028802e-03
3.7547723e-03,1.2881432e-03,-4.6994949e-03,-2.8622514e-03,1.1296374e-03,-1.8128598e-03
3.0653148e-03,1.5367885e-03,-5.0137560e-03,-3.4345202e-03,8.7571146e-04,-6.0096048e-04
2.3030099e-03,1.7331847e-03,-5.0179698e-03,-3.8499749e-03,5.6519592e-04,6.5834823e-04
1.5019998e-03,1.8642491e-03,-4.7072446e-03,-4.1036972e-03,2.0945583e-04,1.8858464e-03
6.9515775e-04,1.9195162e-03,-4.0970201e-03,-4.1979195e-03,-1.7711996e-04,3.0026790e-03
-8.7348532e-05,1.8918283e-03,-3.2225948e-03,-4.1412386e-03,-5.7775052e-04,3.9356202e-03
-8.1920829e-04,1.7778676e-03,-2.1372743e-03,-3.9475551e-03,-9.7404853e-04,4.6221189e-03
-1.4787856e-03,1.5784992e-03,-9.0922512e-04,-3.6348291e-03,-1.3469200e-03,5.0147633e-03
-2.0495823e-03,1.2988994e-03,3.8278764e-04,-3.2237464e-03,-1.6775320e-03,5.0848252e-03
-2.5203501e-03,9.4845952e-04,1.6545091e-03,-2.7363897e-03,-1.9482969e-03,4.8246073e-03
-2.8848800e-03,5.4046401e-04,2.8218133e-03,-2.1950050e-03,-2.1438214e-03,4.2483905e-03
-3.1415201e-03,9.1555168e-05,3.8064466e-03,-1.6209340e-03,-2.2517688e-03,3.3918743e-03
-3.2924860e-03,-3.7899089e-04,4.5414887e-03,-1.0337725e-03,-2.2635867e-03,2.3101124e-03
-3.3430416e-03,-8.5014383e-04,4.9761381e-03,-4.5078548e-04,-2.1750598e-03,1.0740521e-03
-3.3006303e-03,-1.3001111e-03,5.0794615e-03,1.1340632e-04,-1.9866558e-03,-2.3410710e-04
-3.1740342e-03,-1.7073934e-03,4.8428202e-03,6.4688247e-04,-1.7036418e-03,-1.5264310e-03
-2.9726308e-03,-2.0518503e-03,4.2807699e-03,1.1402525e-03,-1.3359619e-03,-2.7152673e-03
-2.7058010e-03,-2.3157224e-03,3.4303415e-03,1.5863090e-03,-8.9787673e-04,-3.7193412e-03
-2.3825261e-03,-2.4845570e-03,2.3487241e-03,1.9795659e-03,-4.0738166e-04,-4.4694944e-03
-2.0111896e-03,-2.5479893e-03,1.1094883e-03,2.3157498e-03,1.1457374e-04,-4.9136489e-03
-1.5995787e-03,-2.5003373e-03,-2.0240242e-04,2.5913114e-03,6.4502647e-04,-5.0206285e-03
-1.1550609e-03,-2.3409786e-03,-1.4964519e-03,2.8030207e-03,1.1600578e-03,-4.7825430e-03
-6.8489383e-04,-2.0744875e-03,-2.6829549e-03,2.9476947e-03,1.6359165e-03,-4.2155455e-03
-1.9661330e-04,-1.7105204e-03,-3.6793337e-03,3.0220929e-03,2.0501536e-03,-3.3588840e-03
3.0156322e-04,-1.2634552e-03,-4.4160314e-03,3.0229968e-03,2.3827127e-03,-2.2722941e-03
8.0038103e-04,-7.5179610e-04,-4.8415307e-03,2.9474683e-03,2.6169214e-03,-1.0319026e-03
1.2893008e-03,-1.9737190e-04,-4.9261255e-03,2.7932624e-03,2.7403353e-03,2.7508035e-04
1.7564093e-03,3.7563609e-04,-4.6641589e-03,2.5593543e-03,2.7453920e-03,1.5565080e-03
2.1885218e-03,9.4179128e-04,-4.0745505e-03,2.2465228e-03,2.6298395e-03,2.7218463e-03
2.5714952e-03,1.4755726e-03,-3.1995585e-03,1.8579280e-03,2.3969190e-03,3.6886540e-03
2.8907456e-03,1.9525631e-03,-2.1018516e-03,1.3996128e-03,2.0552885e-03,4.3885223e-03
3.1319469e-03,2.3506001e-03,-8.6008992e-04,8.8086598e-04,1.6186902e-03,4.7720383e-03
3.2818684e-03,2.6508302e-03,4.3667602e-04,3.1438789e-04,1.1053736e-03,4.8124031e-03
3.3292901e-03,2.8386208e-03,1.6953864e-03,-2.8378072e-04,5.3730232e-04,4.5074321e-03
3.2659258e-03,2.9042803e-03,2.8256750e-03,-8.9459237e-04,-6.0822043e-05,3.8797810e-03
3.0872787e-03,2.8435547e-03,3.7464063e-03,-1.4965909e-03,-6.6267179e-04,2.9753700e-03
2.7933517e-03,2.6578732e-03,4.3915671e-03,-2.0667546e-03,-1.2414905e-03,1.8601117e-03
2.3891455e-03,2.3543314e-03,4.7150811e-03,-2.5815436e-03,-1.7713193e-03,6.1517221e-04
1.8848863e-03,1.9454103e-03,4.6941870e-03,-3.0180919e-03,-2.2281946e-03,-6.6889289e-04
1.2959455e-03,1.4484432e-03,4.3311273e-03,-3.3554695e-03,-2.5912608e-03,-1.8987060e-03
6.4243404e-04,8.8485466e-04,3.6530181e-03,-3.5759298e-03,-2.8437455e-03,-2.9848575e-03
-5.1522699e-05,2.7920585e-04,2.7099022e-03,-3.6660567e-03,-2.9737507e-03,-3.8484232e-03
-7.5879860e-04,-3.4191023e-04,1.5711222e-03,-3.6177249e-03,-2.9748223e-03,-4.4267290e-03
-1.4505177e-03,-9.5107179e-04,3.2027583e-04,-3.4288023e-03,-2.8462710e-03,-4.6779387e-03
-2.0974700e-03,-1.5212744e-03,-9.5087992e-04,-3.1035332e-03,-2.5932278e-03,-4.5841242e-03
-2.6716079e-03,-2.0271618e-03,-2.1491315e-03,-2.6525671e-03,-2.2264316e-03,-4.1525901e-03
-3.1475288e-03,-2.4461849e-03,-3.1866255e-03,-2.0926161e-03,-1.7617580e-03,-3.4153512e-03
-3.5038492e-03,-2.7596336e-03,-3.9873000e-03,-1.4457546e-03,-1.2195105e-03,-2.4267990e-03
-3.7243815e-03,-2.9534944e-03,-4.4924559e-03,-7.3839512e-04,-6.2350629e-04,-1.2597263e-03
-3.7990349e-03,-3.0190934e-03,-4.6650592e-03,0.0000000e+00,0.0000000e+00,0.0000000e+00
