mask,case,angle,field,x,y,z,w
2047,film_sub_nm_transition,0,14,0.190667942,0.190667942,0.190667942,0
2047,film_sub_nm_transition,0,19,0,0,0,0
2047,film_sub_nm_transition,0,20,0.57159251,0.57159251,0.57159251,0
2047,film_sub_nm_transition,0,21,0.834800601,0.834800601,0.834800601,0
2047,film_sub_nm_transition,0,22,0.0421196967,1.51778758,0,0
2047,film_sub_nm_transition,0,24,1,1,1,0
2047,film_sub_nm_transition,0,25,0.0399999991,0.0399999991,0.0399999991,0
2047,film_sub_nm_transition,1,14,0.202239707,0.202239707,0.202239707,0
2047,film_sub_nm_transition,1,19,0,0,0,0
2047,film_sub_nm_transition,1,20,0.264190376,0.264190376,0.264190376,0
2047,film_sub_nm_transition,1,21,0.824151456,0.824151456,0.824151456,0
2047,film_sub_nm_transition,1,22,0.0521572605,0.933210135,0,0
2047,film_sub_nm_transition,1,24,1,1,1,0
2047,film_sub_nm_transition,1,25,0.0399999991,0.0399999991,0.0399999991,0
2047,film_sub_nm_transition,2,14,0.21385248,0.21385248,0.21385248,0
2047,film_sub_nm_transition,2,19,0,0,0,0
2047,film_sub_nm_transition,2,20,0.0891867131,0.0891867131,0.0891867131,0
2047,film_sub_nm_transition,2,21,0.813540936,0.813540936,0.813540936,0
2047,film_sub_nm_transition,2,22,0.0827342495,0.533831298,0,0
2047,film_sub_nm_transition,2,24,1,1,1,0
2047,film_sub_nm_transition,2,25,0.0399999991,0.0399999991,0.0399999991,0
2047,film_sub_nm_transition,3,14,0.222609699,0.222609699,0.222609699,0
2047,film_sub_nm_transition,3,19,0,0,0,0
2047,film_sub_nm_transition,3,20,0.0407918878,0.0407918878,0.0407918878,0
2047,film_sub_nm_transition,3,21,0.807749569,0.807749569,0.807749569,0
2047,film_sub_nm_transition,3,22,0.35544607,0.308702677,0,0
2047,film_sub_nm_transition,3,24,1,1,1,0
2047,film_sub_nm_transition,3,25,0.0399999991,0.0399999991,0.0399999991,0
2047,film_sub_nm_transition,4,14,0.195343062,0.195343062,0.195343062,0
2047,film_sub_nm_transition,4,19,0,0,0,0
2047,film_sub_nm_transition,4,20,0.57159251,0.57159251,0.57159251,0
2047,film_sub_nm_transition,4,21,0.834707022,0.834707022,0.834707022,0
2047,film_sub_nm_transition,4,22,0.0912405252,1.51778758,0,0
2047,film_sub_nm_transition,4,24,1,1,1,0
2047,film_sub_nm_transition,4,25,0.0399999991,0.0399999991,0.0399999991,0
2047,film_sub_nm_transition,5,14,0.205785319,0.205785319,0.205785319,0
2047,film_sub_nm_transition,5,19,0,0,0,0
2047,film_sub_nm_transition,5,20,0.264190376,0.264190376,0.264190376,0
2047,film_sub_nm_transition,5,21,0.824193656,0.824193656,0.824193656,0
2047,film_sub_nm_transition,5,22,0.129547328,0.933210135,0,0
2047,film_sub_nm_transition,5,24,1,1,1,0
2047,film_sub_nm_transition,5,25,0.0399999991,0.0399999991,0.0399999991,0
2047,film_sub_nm_transition,6,14,0.217862129,0.217862129,0.217862129,0
2047,film_sub_nm_transition,6,19,0,0,0,0
2047,film_sub_nm_transition,6,20,0.0891867131,0.0891867131,0.0891867131,0
2047,film_sub_nm_transition,6,21,0.813537419,0.813537419,0.813537419,0
2047,film_sub_nm_transition,6,22,0.264723897,0.533831298,0,0
2047,film_sub_nm_transition,6,24,1,1,1,0
2047,film_sub_nm_transition,6,25,0.0399999991,0.0399999991,0.0399999991,0
2047,film_sub_nm_transition,7,14,0.234935373,0.234935373,0.234935373,0
2047,film_sub_nm_transition,7,19,0,0,0,0
2047,film_sub_nm_transition,7,20,0.0407918878,0.0407918878,0.0407918878,0
2047,film_sub_nm_transition,7,21,0.807747781,0.807747781,0.807747781,0
2047,film_sub_nm_transition,7,22,1.45699465,0.308702677,0,0
2047,film_sub_nm_transition,7,24,1,1,1,0
2047,film_sub_nm_transition,7,25,0.0399999991,0.0399999991,0.0399999991,0
2047,film_no_substrate_interface,0,14,0.227408975,0.227408975,0.227408975,0
2047,film_no_substrate_interface,0,19,0,0,0,0
2047,film_no_substrate_interface,0,20,0,0,0,0
2047,film_no_substrate_interface,0,21,0.800000012,0.800000012,0.800000012,0
2047,film_no_substrate_interface,0,22,0.0421196967,1.51778758,0,0
2047,film_no_substrate_interface,0,24,0,0,0,0
2047,film_no_substrate_interface,0,25,0,0,0,0
2047,film_no_substrate_interface,1,14,0.227408975,0.227408975,0.227408975,0
2047,film_no_substrate_interface,1,19,0,0,0,0
2047,film_no_substrate_interface,1,20,0,0,0,0
2047,film_no_substrate_interface,1,21,0.800000012,0.800000012,0.800000012,0
2047,film_no_substrate_interface,1,22,0.0521572605,0.933210135,0,0
2047,film_no_substrate_interface,1,24,0,0,0,0
2047,film_no_substrate_interface,1,25,0,0,0,0
2047,film_no_substrate_interface,2,14,0.227408975,0.227408975,0.227408975,0
2047,film_no_substrate_interface,2,19,0,0,0,0
2047,film_no_substrate_interface,2,20,0,0,0,0
2047,film_no_substrate_interface,2,21,0.800000012,0.800000012,0.800000012,0
2047,film_no_substrate_interface,2,22,0.0827342495,0.533831298,0,0
2047,film_no_substrate_interface,2,24,0,0,0,0
2047,film_no_substrate_interface,2,25,0,0,0,0
2047,film_no_substrate_interface,3,14,0.227408975,0.227408975,0.227408975,0
2047,film_no_substrate_interface,3,19,0,0,0,0
2047,film_no_substrate_interface,3,20,0,0,0,0
2047,film_no_substrate_interface,3,21,0.800000012,0.800000012,0.800000012,0
2047,film_no_substrate_interface,3,22,0.35544607,0.308702677,0,0
2047,film_no_substrate_interface,3,24,0,0,0,0
2047,film_no_substrate_interface,3,25,0,0,0,0
2047,film_no_substrate_interface,4,14,0.227408975,0.227408975,0.227408975,0
2047,film_no_substrate_interface,4,19,0,0,0,0
2047,film_no_substrate_interface,4,20,0,0,0,0
2047,film_no_substrate_interface,4,21,0.800000012,0.800000012,0.800000012,0
2047,film_no_substrate_interface,4,22,0.0912405252,1.51778758,0,0
2047,film_no_substrate_interface,4,24,0,0,0,0
2047,film_no_substrate_interface,4,25,0,0,0,0
2047,film_no_substrate_interface,5,14,0.227408975,0.227408975,0.227408975,0
2047,film_no_substrate_interface,5,19,0,0,0,0
2047,film_no_substrate_interface,5,20,0,0,0,0
2047,film_no_substrate_interface,5,21,0.800000012,0.800000012,0.800000012,0
2047,film_no_substrate_interface,5,22,0.129547328,0.933210135,0,0
2047,film_no_substrate_interface,5,24,0,0,0,0
2047,film_no_substrate_interface,5,25,0,0,0,0
2047,film_no_substrate_interface,6,14,0.227408975,0.227408975,0.227408975,0
2047,film_no_substrate_interface,6,19,0,0,0,0
2047,film_no_substrate_interface,6,20,0,0,0,0
2047,film_no_substrate_interface,6,21,0.800000012,0.800000012,0.800000012,0
2047,film_no_substrate_interface,6,22,0.264723897,0.533831298,0,0
2047,film_no_substrate_interface,6,24,0,0,0,0
2047,film_no_substrate_interface,6,25,0,0,0,0
2047,film_no_substrate_interface,7,14,0.227408975,0.227408975,0.227408975,0
2047,film_no_substrate_interface,7,19,0,0,0,0
2047,film_no_substrate_interface,7,20,0,0,0,0
2047,film_no_substrate_interface,7,21,0.800000012,0.800000012,0.800000012,0
2047,film_no_substrate_interface,7,22,1.45699465,0.308702677,0,0
2047,film_no_substrate_interface,7,24,0,0,0,0
2047,film_no_substrate_interface,7,25,0,0,0,0
